<?xml version="1.0" encoding="UTF-8"?>
<rss version="2.0" xmlns:ror="http://rorweb.com/0.1/" >
<channel>
  <title>ROR Sitemap for http://www.hackingyseguridad.com </title>
  <link>http://www.hackingyseguridad.com </link>

<item>
     <link>http://www.hackingyseguridad.com/</link>
     <title>HACKINGYSEGURIDAD.COM | ELECTRONICA | INFORMATICA | HACKING ETICO | CIBERSEGURIDAD </title>
     <description>HACKINGYSEGURIDAD.COM | ELECTRONICA | INFORMATICA | HACKING ETICO | CIBERSEGURIDAD | CONOCIMIENTO TECNOLOGICO | TRUCOS INTERESANTES</description>
     <ror:updatePeriod>daily</ror:updatePeriod>
     <ror:sortOrder>0</ror:sortOrder>
     <ror:resourceOf>sitemap</ror:resourceOf>
</item>
</channel>
</rss>
  